create database course;
use course;


create database mobile;
use mobile;

/*SELECT * FROM requests WHERE id=5 FOR UPDATE*/

/*ENGINE=InnoDB DEFAULT CHARSET=utf8mb4 */

create table Abonents (
 AbonentID smallint not null AUTO_INCREMENT,
 Surname varchar(30) not null,
 FirstName varchar(30) not null,
 Patronymic varchar(30),
 BirthDate date not null,
 PassportSeries varchar(2) not null,
 PassportNumber int not null,
 Authority varchar(30) not null,
 IssueDate date not null,
 Address varchar(30),
 primary key (AbonentID)
 )AUTO_INCREMENT=66;
 Insert into Abonents values (1,"Gurman","Artyom","Vitalyevich","2000-05-12","MP",3946666,"MIA","2015-04-09","Minsk"),(2,"Lenin","Vladimir","Ilyich","1900-11-07","BB",1941231,"CKPPS","1924-04-01","Leningrad"),(3,"Sipach","Sergey","Vladimirovich","1999-06-15","MP",3943333,"MIA","2012-12-09","Borisov"),(4,"Letov","Pavel","Sergeevich","1990-03-12","MP",3221236,"MIA","2010-09-09","Pinsk"),(5,"Olenenko","Arkadii","Sergeevich","1999-10-10","MP",2121236,"MIA","2015-08-28","Brest"),(6,"Lenonn","John","","1970-04-19","MP",2324489,"MIA","2008-08-22","London"),(7,"Vasilevich","Kirill","Sergeevich","2002-04-10","MP",3459857,"MIA","2020-02-11","Chyrnobil"),(8,"Piuta","Pavel","Sergeevich","1990-06-30","MP",3211144,"MIA","2012-12-29","Mogilev"),(9,"Pivo","Oleg","Anatolyevich","1960-01-03","PV",3666632,"MIA","2005-04-03","Lida"),(10,"Platonov","Alexandr","Vladimirovich","1978-08-12","MP",3786326,"MIA","2003-10-19","Jodino"),(11,"Gibkiy","Andrey","Andreevich","2004-03-12","MP",3089323,"MIA","2019-02-21","Vitebsk"),(12,"James","Bond","Sknopkovich","1989-05-12","BB",3269789,"MIA","2008-09-10","Las-Vegas");
drop table Abonents;
select * from Abonents;
INSERT INTO Abonents(Surname,FirstName,Patronymic,BirthDate,PassportSeries,PassportNumber,Authority,IssueDate,Address) 
      VALUES ("Klichevich","Kirill","Kirillovich","1988-08-08","MY","3234554","MIU","2020-02-02","Klichev");
 create table Accounts (
 AccountID smallint not null AUTO_INCREMENT,
 Balance int default 0,
 BonusMinutes smallint default 0,
 BonusSMS smallint default 0,
 email varchar(30),
 pswrd varchar(255),
 primary key(AccountID),
 unique key (email)
 ) AUTO_INCREMENT=66;
 Insert into accounts values (1,12000,500,500,"user1@gmail.com",MD5('pass1234')),(2,200,50,100,"user2@gmail.com",MD5('pass2234')),(3,10,5,5,"user3@gmail.com",MD5('pass3234')),(4,6000,200,200,"user4@gmail.com",MD5('pass4234')),(5,2000,200,200,"user5@gmail.com",MD5('pass5234')),(6,5000,5000,5000,"user6@gmail.com",MD5('pass6234')),(7,110,10,500,"user7@gmail.com",MD5('pass7234')),(8,120,400,400,"user8@gmail.com",MD5('pass8234')),(9,500,50,50,"user9@gmail.com",MD5('pass9234')),(10,440,14,10,"user10@gmail.com",MD5('pass10234')),(11,5000,100,1000,"user11@gmail.com",MD5('pass11234')),(12,600,800,800,"user12@gmail.com",MD5('pass12234'));
  select* from Accounts;
  DELETE  FROM Abonents WHERE AbonentID=95;
   DELETE  FROM Accounts WHERE AccountID=96;
  select* from abonents;
  select* from contracts;
  drop table accounts;
  INSERT INTO accounts (email, pswrd) VALUES ('some@example.com', MD5('kek'));
  INSERT INTO Abonents(Surname,FirstName,Patronymic,BirthDate,PassportSeries,PassportNumber,Authority,IssueDate,Address) 
       VALUES ("oleg","oleg","olegovich","1900-10-10","MM","1009000","FBI","1900-10-10","London");
       INSERT INTO contracts (MobileNumber,AbonentID, DealDate,Tarif,AccountID) 
       VALUES("+375661001001",LAST_INSERT_ID(),"2000-12-05","Light",LAST_INSERT_ID()); 
       SELECT AccountID,email, pswrd FROM Accounts WHERE email='user1@gmail.com' and pswrd = MD5('pass1234');
  /*insert(without id) and recieve id by selecting using same data from insert OR BETTER USE LAST_AUTO_INCREMENT*/
  SELECT * FROM Accounts WHERE AccountID=70;
  
  
create table Contracts (
 MobileNumber varchar(15) not null,
 AbonentID smallint not null ,
 DealDate date,
 Tarif varchar(30),
 AccountID smallint not null ,
 Primary key (MobileNumber),
 Foreign Key (AccountID) references  Accounts(AccountID),
 Foreign Key (AbonentID) references  Abonents(AbonentID),
 Foreign Key (Tarif) references  Tarifs(Tarif)
 );
 drop table contracts;
 Insert into Contracts values ("+375666385869",1,"2020-04-12","Unlimited Power",1),("+375666602518",2,"2020-04-13","Light",2),("+375662714959",3,"2020-04-14","Modern",3),("+375663445676",4,"2020-04-15","Light",4),("+375661028678",5,"2020-04-15","Light",5),("+375663150001",6,"2020-04-15","Banana",6),("+375667788000",7,"2020-04-18","Modern",7),("+375667345666",8,"2020-04-20","Modern",8),("+375664550011",9,"2020-04-20","Modern",9),("+375664150001",10,"2020-04-20","Modern",10),("+375668684050",11,"2020-04-20","Modern",11),("+375661050040",12,"2020-04-22","Light",12);
select* from contracts;

select balance,caller from accounts join calls on Accounts.AccountID=Calls.AccountID where Accounts.AccountID=1;

  create table ActiveServices (
 ServiceName varchar(30) not null,
 MobileNumber varchar(15) not null,
 StartDate date,
 EndDate date default null,
 foreign key (ServiceName) references Services(ServiceName),
 foreign key (MobileNumber) references Contracts(MobileNumber)
 );
 Insert into Activeservices values ("Internet-Roaming","+375666385869","2020-04-12",NULL),("Promised Payment","+375666385869","2020-04-12",NULL),("Anti-Spam","+375666385869","2020-04-12",NULL),("Palpatine-Music","+375666385869","2020-04-12",NULL),("Internet-Roaming","+375662714959","2020-04-15",NULL),("Weather-Notifications","+375662714959","2020-04-15",NULL),("Internet-Roaming","+375666602518","2020-04-20",NULL),("Weather-Notifications","+375666602518","2020-04-20",NULL);                           
 drop table ActiveServices;
 select * from ActiveServices;
 
  create table Services (
 ServiceName varchar(30) not null,
 ServiceDescription varchar(50),
 Price int,
 primary key (ServiceName)
 );
Insert into Services values ("Internet-Roaming","Use Internet Everywhere!",200),("Promised Payment","Use now, Pay after!",100),("Weather-Notifications","Be tuned about the weather!",100),("Anti-Spam","No more 3rd-party calls and messages!",300),("Palpatine-Music","Download any music you want!",300);
drop table services;
select * from services;
  
  create table Tarifs (
 Tarif varchar(30) not null,
 Price smallint,
 OutCallPriceLocal smallint,
 InCallPriceLocal smallint,
 OutCallPriceGlobal smallint,
 InCallPriceGlobal smallint,
 RoamingCallPrice smallint,
 SMSPrice smallint,
 InternetTraffic smallint,
 primary key(Tarif)
 );
 Insert into Tarifs values ("Unlimited Power",66,0,0,0,0,0,0,6666),("Banana",1500,5,0,5,0,60,15,1500),("Light",500,8,0,8,0,80,20,1000),("Modern",3000,4,0,4,0,40,20,5000);
 select * from tarifs;
 drop table tarifs;
 
 create table Calls (
 AccountID smallint not null,
 Caller varchar(15),
 Reciever varchar(15),
 CallDate datetime not null,
 Duration int,
 FOREIGN KEY (AccountID) REFERENCES Accounts (AccountID)
 );
 select* from calls;
 drop table calls;
Insert into Calls values 
(1,"+375666385869","+375252017734","2020-04-14 13:56:10",30),  

(1,"+375666385869","+375252025511","2020-04-14 13:59:14",34),  

(1,"+375666385869","+375252033288","2020-04-14 15:12:18",38),  

(1,"+375666385869","+375252041065","2020-04-14 15:15:22",42),  

(1,"+375666385869","+375252048842","2020-04-14 15:18:26",46),  

(1,"+375666385869","+375252056619","2020-04-14 15:21:30",50),  

(1,"+375666385869","+375252064396","2020-04-14 15:24:34",54),  

(1,"+375666385869","+375252072173","2020-04-14 15:27:38",58),  

(1,"+375666385869","+375252079950","2020-04-14 15:30:42",62),  

(1,"+375666385869","+375252087727","2020-04-14 15:33:46",66),  

(1,"+375666385869","+375252095504","2020-04-14 15:36:50",70),  

(1,"+375666385869","+375252103281","2020-04-14 15:39:54",74),  

(1,"+375666385869","+375252111058","2020-04-14 15:42:58",78),  

(1,"+375666385869","+375252118835","2020-04-14 15:49:11",82),  

(1,"+375666385869","+375252126612","2020-04-14 15:52:15",86),  

(1,"+375666385869","+375252134389","2020-04-14 15:55:19",90),  

(1,"+375666385869","+375252142166","2020-04-14 15:58:23",94),  

(1,"+375666385869","+375252149943","2020-04-14 17:12:27",98),  

(1,"+375666385869","+375252157720","2020-04-14 17:15:31",102),  

(1,"+375666385869","+375252165497","2020-04-14 17:18:35",106),  

(1,"+375666385869","+375252173274","2020-04-14 17:21:39",110),  

(1,"+375666385869","+375252181051","2020-04-14 17:24:43",114),  

(1,"+375666385869","+375252188828","2020-04-14 17:27:47",118),  

(1,"+375666385869","+375252196605","2020-04-14 17:30:51",122),  

(1,"+375666385869","+375252204382","2020-04-14 17:33:55",126),  

(1,"+375666385869","+375252212159","2020-04-14 17:40:11",130),  

(1,"+375666385869","+375252219936","2020-04-14 17:43:15",134),  

(1,"+375666385869","+375252227713","2020-04-14 17:46:19",138),  

(1,"+375666385869","+375252235490","2020-04-14 17:49:23",142),  

(1,"+375666385869","+375252243267","2020-04-14 17:52:27",146),  

(1,"+375666385869","+375252251044","2020-04-14 17:55:31",150),  

(1,"+375666385869","+375252258821","2020-04-14 17:58:35",154),  

(1,"+375666385869","+375252266598","2020-04-14 19:12:39",5),  

(1,"+375666385869","+375252274375","2020-04-14 19:15:43",9),  

(1,"+375666385869","+375252282152","2020-04-14 19:18:47",13),  

(1,"+375666385869","+375252289929","2020-04-14 19:21:51",17),  

(1,"+375666385869","+375252297706","2020-04-14 19:24:55",21),  

(1,"+375666385869","+375252305483","2020-04-14 19:31:11",25),  

(1,"+375666385869","+375252313260","2020-04-14 19:34:15",29),  

(1,"+375666385869","+375252321037","2020-04-14 19:37:19",33),  

(1,"+375666385869","+375252328814","2020-04-14 19:40:23",37),  

(1,"+375666385869","+375252336591","2020-04-14 19:43:27",41),  

(1,"+375666385869","+375252344368","2020-04-14 19:46:31",45),  

(1,"+375666385869","+375252352145","2020-04-14 19:49:35",49),  

(1,"+375666385869","+375252359922","2020-04-14 19:52:39",53),  

(1,"+375666385869","+375252367699","2020-04-14 19:55:43",57),  

(1,"+375666385869","+375252375476","2020-04-14 19:58:47",61),  

(1,"+375666385869","+375252383253","2020-04-14 21:12:51",65),  

(1,"+375666385869","+375252391030","2020-04-14 21:15:55",69),

(1,"+375253028201","+375666385869","2020-04-15 10:13:14",34),  

(1,"+375253035978","+375666385869","2020-04-15 10:16:18",38),  

(1,"+375253043755","+375666385869","2020-04-15 10:19:22",42),  

(1,"+375253051532","+375666385869","2020-04-15 10:22:26",46),  

(1,"+375253059309","+375666385869","2020-04-15 10:25:30",50),  

(1,"+375253067086","+375666385869","2020-04-15 10:28:34",54),  

(1,"+375253074863","+375666385869","2020-04-15 10:31:38",58),  

(1,"+375253082640","+375666385869","2020-04-15 10:34:42",62),  

(1,"+375253090417","+375666385869","2020-04-15 10:37:46",66),  

(1,"+375253098194","+375666385869","2020-04-15 10:40:50",70),  

(1,"+375253105971","+375666385869","2020-04-15 10:43:54",74),  

(1,"+375253113748","+375666385869","2020-04-15 10:46:58",78),  

(1,"+375253121525","+375666385869","2020-04-15 10:53:11",82),  

(1,"+375253129302","+375666385869","2020-04-15 10:56:15",86),  

(1,"+375253137079","+375666385869","2020-04-15 10:59:19",90),  

(1,"+375253144856","+375666385869","2020-04-15 12:12:23",94),  

(1,"+375253152633","+375666385869","2020-04-15 12:15:27",98),  

(1,"+375253160410","+375666385869","2020-04-15 12:18:31",102),  

(1,"+375253168187","+375666385869","2020-04-15 12:21:35",106),  

(1,"+375253175964","+375666385869","2020-04-15 12:24:39",110),  

(1,"+375253183741","+375666385869","2020-04-15 12:27:43",114),  

(1,"+375253191518","+375666385869","2020-04-15 12:30:47",118),  

(1,"+375253199295","+375666385869","2020-04-15 12:33:51",122),  

(1,"+375253207072","+375666385869","2020-04-15 12:36:55",126),  

(1,"+375253214849","+375666385869","2020-04-15 12:43:11",130),  

(1,"+375253222626","+375666385869","2020-04-15 12:46:15",134),  

(1,"+375253230403","+375666385869","2020-04-15 12:49:19",138),  

(1,"+375253238180","+375666385869","2020-04-15 12:52:23",142),  

(1,"+375253245957","+375666385869","2020-04-15 12:55:27",146),  

(1,"+375253253734","+375666385869","2020-04-15 12:58:31",150),  

(1,"+375253261511","+375666385869","2020-04-15 14:12:35",154),  

(1,"+375253269288","+375666385869","2020-04-15 14:15:39",5),  

(1,"+375253277065","+375666385869","2020-04-15 14:18:43",9),  

(1,"+375253284842","+375666385869","2020-04-15 14:21:47",13),  

(1,"+375253292619","+375666385869","2020-04-15 14:24:51",17),  

(1,"+375253300396","+375666385869","2020-04-15 14:27:55",21),  

(1,"+375253308173","+375666385869","2020-04-15 14:34:11",25),  

(1,"+375253315950","+375666385869","2020-04-15 14:37:15",29),  

(1,"+375253323727","+375666385869","2020-04-15 14:40:19",33),

(10,"+375255510989","+375664150001","2020-04-16 17:40:10",30),  

(10,"+375255517655","+375664150001","2020-04-16 17:43:14",34),  

(10,"+375255524321","+375664150001","2020-04-16 17:46:18",38),  

(10,"+375255530987","+375664150001","2020-04-16 17:49:22",42),  

(10,"+375255537653","+375664150001","2020-04-16 17:52:26",46),  

(10,"+375255544319","+375664150001","2020-04-16 17:55:30",50),  

(10,"+375255550985","+375664150001","2020-04-16 17:58:34",54),  

(10,"+375255557651","+375664150001","2020-04-16 19:12:38",58),  

(10,"+375255564317","+375664150001","2020-04-16 19:15:42",62),  

(10,"+375255570983","+375664150001","2020-04-16 19:18:46",66),  

(10,"+375255577649","+375664150001","2020-04-16 19:21:50",70),  

(10,"+375255584315","+375664150001","2020-04-16 19:24:54",74),  

(10,"+375255590981","+375664150001","2020-04-16 19:27:58",78),  

(10,"+375255597647","+375664150001","2020-04-16 19:34:11",82),  

(10,"+375255604313","+375664150001","2020-04-16 19:37:15",86),  

(10,"+375255610979","+375664150001","2020-04-16 19:40:19",90),  

(10,"+375255617645","+375664150001","2020-04-16 19:43:23",94),  

(10,"+375255624311","+375664150001","2020-04-16 19:46:27",98),  

(10,"+375255630977","+375664150001","2020-04-16 19:49:31",102),  

(10,"+375255637643","+375664150001","2020-04-16 19:52:35",106),  

(10,"+375255644309","+375664150001","2020-04-16 19:55:39",110),  

(10,"+375255650975","+375664150001","2020-04-16 19:58:43",114),  

(10,"+375255657641","+375664150001","2020-04-16 21:12:47",118),  

(10,"+375255664307","+375664150001","2020-04-16 21:15:51",122),  

(10,"+375255670973","+375664150001","2020-04-16 21:18:55",126),  

(10,"+375255677639","+375664150001","2020-04-16 21:25:11",130),  

(10,"+375255684305","+375664150001","2020-04-16 21:28:15",134),  

(10,"+375255690971","+375664150001","2020-04-16 21:31:19",138),  

(10,"+375255697637","+375664150001","2020-04-16 21:34:23",142),  

(10,"+375255704303","+375664150001","2020-04-16 21:37:27",146),  

(10,"+375255710969","+375664150001","2020-04-16 21:40:31",150),  

(10,"+375255717635","+375664150001","2020-04-16 21:43:35",154),  

(10,"+375255724301","+375664150001","2020-04-16 21:46:39",5),  

(10,"+375255730967","+375664150001","2020-04-16 21:49:43",9),  

(10,"+375255737633","+375664150001","2020-04-16 21:52:47",13),  

(10,"+375255744299","+375664150001","2020-04-16 21:55:51",17),  

(10,"102","+375664150001","2020-04-16 21:58:55",21),  

(10,"+375255757631","+375664150001","2020-04-17 10:12:11",25),  

(10,"+375255764297","+375664150001","2020-04-17 10:15:15",29),  

(10,"+375255770963","+375664150001","2020-04-17 10:18:19",33),  

(10,"+375255777629","+375664150001","2020-04-17 10:21:23",37),  

(10,"+375255784295","+375664150001","2020-04-17 10:24:27",41),  

(10,"+375255790961","+375664150001","2020-04-17 10:27:31",45),  

(10,"+375255797627","+375664150001","2020-04-17 10:30:35",49),  

(10,"+375255804293","+375664150001","2020-04-17 10:33:39",53),  

(10,"+375255810959","+375664150001","2020-04-17 10:36:43",57),  

(10,"+375255817625","+375664150001","2020-04-17 10:39:47",61),  

(10,"+375255824291","+375664150001","2020-04-17 10:42:51",65),  

(10,"+375255830957","+375664150001","2020-04-17 10:45:55",69),  

(10,"+375255837623","+375664150001","2020-04-17 10:52:11",73),  

(10,"+375255844289","+375664150001","2020-04-17 10:55:15",77),  

(10,"+375255850955","+375664150001","2020-04-17 10:58:19",81),  

(10,"+375255857621","+375664150001","2020-04-17 12:12:23",85),  

(10,"+375255864287","+375664150001","2020-04-17 12:15:27",89),  

(10,"+375255870953","+375664150001","2020-04-17 12:18:31",93),  

(10,"+375255877619","+375664150001","2020-04-17 12:21:35",97),  

(10,"+375255884285","+375664150001","2020-04-17 12:24:39",101),  

(10,"+375255890951","+375664150001","2020-04-17 12:27:43",105),  

(10,"+375255897617","+375664150001","2020-04-17 12:30:47",109),  

(10,"+375255904283","+375664150001","2020-04-17 12:33:51",113),

(3,"+375662714959","+375294110001","2020-04-18 17:40:10",30),  

(3,"+375662714959","+375294116552","2020-04-18 17:43:14",34),  

(3,"+375662714959","+375294123103","2020-04-18 17:46:18",38),  

(3,"+375662714959","+375294129654","2020-04-18 17:49:22",42),  

(3,"+375662714959","+375294136205","2020-04-18 17:52:26",46),  

(3,"+375662714959","+375294142756","2020-04-18 17:55:30",50),  

(3,"+375662714959","+375294149307","2020-04-18 17:58:34",54),  

(3,"+375662714959","+375294155858","2020-04-18 18:12:38",58),  

(3,"+375662714959","+375294162409","2020-04-18 18:15:42",62),  

(3,"+375662714959","+375294168960","2020-04-18 18:18:46",66),  

(3,"+375662714959","+375294175511","2020-04-18 18:21:50",70),  

(3,"+375662714959","+375294182062","2020-04-18 18:24:54",74),  

(3,"+375662714959","+375294188613","2020-04-18 18:27:58",78),  

(3,"+375662714959","+375294195164","2020-04-18 18:31:11",82),  

(3,"+375662714959","+375294201715","2020-04-18 18:34:15",86),  

(3,"+375662714959","+375294208266","2020-04-18 18:37:19",90),  

(3,"+375662714959","+375294214817","2020-04-18 18:40:23",94),  

(3,"+375662714959","+375294221368","2020-04-18 18:43:27",98),  

(3,"+375662714959","+375294227919","2020-04-18 18:46:31",102),  

(3,"+375662714959","+375294234470","2020-04-18 18:49:35",106),  

(3,"+375662714959","+375294241021","2020-04-18 18:52:39",110),  

(3,"+375662714959","+375294247572","2020-04-18 18:55:43",114),  

(3,"+375662714959","+375294254123","2020-04-18 18:58:47",118),  

(3,"+375662714959","+375294260674","2020-04-18 19:12:51",122),  

(3,"+375662714959","+375294267225","2020-04-18 19:15:55",126),  

(3,"+375662714959","+375294273776","2020-04-18 19:19:11",130),  

(3,"+375662714959","+375294280327","2020-04-18 19:22:15",134),  

(3,"+375662714959","+375294286878","2020-04-18 19:25:19",138),  

(3,"+375662714959","+375294293429","2020-04-18 19:28:23",142),  

(3,"+375662714959","+375294299980","2020-04-18 19:31:27",146),  

(3,"+375662714959","+375294306531","2020-04-18 19:34:31",150),  

(3,"+375662714959","+375294313082","2020-04-18 19:37:35",154),  

(3,"+375662714959","+375294319633","2020-04-18 19:40:39",5),  

(3,"+375662714959","+375294326184","2020-04-18 19:43:43",9),  

(3,"+375662714959","+375294332735","2020-04-18 19:46:47",13),  

(3,"+375662714959","+375294339286","2020-04-18 19:49:51",17),  

(3,"+375662714959","+375294345837","2020-04-18 19:52:55",21),  

(3,"+375662714959","+375294352388","2020-04-18 19:56:11",25),  

(3,"+375662714959","+375294358939","2020-04-18 19:59:15",29),  

(3,"+375662714959","+375294365490","2020-04-18 20:12:19",33),  

(3,"+375662714959","+375294372041","2020-04-18 20:15:23",37),  

(3,"+375662714959","+375294378592","2020-04-18 20:18:27",41),  

(3,"+375662714959","+375294385143","2020-04-18 20:21:31",45),  

(3,"+375662714959","+375294391694","2020-04-18 20:24:35",49),  

(3,"+375662714959","+375294398245","2020-04-18 20:27:39",53),  

(3,"+375662714959","+375294404796","2020-04-18 20:30:43",57),  

(3,"+375662714959","+375294411347","2020-04-18 20:33:47",61),  

(3,"+375662714959","+375294417898","2020-04-18 20:36:51",65),  

(3,"+375662714959","+375294424449","2020-04-18 20:39:55",69),  

(3,"+375662714959","+375294431000","2020-04-18 20:43:11",73), 
(3,"+375662714959","+375294424449","2020-04-18 20:39:55",69),  

(3,"+375662714959","+375294431000","2020-04-18 20:43:11",73),  
(7,"+375667788000","+375294110001","2020-04-19 17:40:10",30),  

(7,"+375667788000","+375294230012","2020-04-19 17:43:14",34),  

(7,"+375667788000","+375294350023","2020-04-19 17:46:18",38),  

(7,"+375667788000","+375294470034","2020-04-19 17:49:22",42),  

(7,"+375667788000","+375294590045","2020-04-19 17:52:26",46),  

(7,"+375667788000","+375294710056","2020-04-19 17:55:30",50),  

(7,"+375667788000","+375294830067","2020-04-19 17:58:34",54),  

(7,"+375667788000","+375294950078","2020-04-19 18:12:38",58),  

(7,"+375667788000","+375295070089","2020-04-19 18:15:42",62),  

(7,"+375667788000","+375295190100","2020-04-19 18:18:46",66),  

(7,"+375667788000","+375295310111","2020-04-19 18:21:50",70),  

(7,"+375667788000","+375295430122","2020-04-19 18:24:54",74),  

(7,"+375667788000","+375295550133","2020-04-19 18:27:58",78),  

(7,"+375667788000","+375295670144","2020-04-19 18:31:11",82),  

(7,"+375667788000","+375295790155","2020-04-19 18:34:15",86),  

(7,"+375667788000","+375295910166","2020-04-19 18:37:19",90),  

(7,"+375667788000","+375296030177","2020-04-19 18:40:23",94),  

(7,"+375667788000","+375296150188","2020-04-19 18:43:27",98),  

(7,"+375667788000","+375296270199","2020-04-19 18:46:31",102),  

(7,"+375667788000","+375296390210","2020-04-19 18:49:35",106),  

(7,"+375667788000","+375296510221","2020-04-19 18:52:39",110),  

(7,"+375667788000","+375296630232","2020-04-19 18:55:43",114),  

(7,"+375667788000","+375296750243","2020-04-19 18:58:47",118),  

(7,"+375667788000","+375296870254","2020-04-19 19:12:51",122),  

(7,"+375667788000","+375296990265","2020-04-19 19:15:55",126),  

(7,"+375667788000","+375297110276","2020-04-19 19:19:11",130),  

(7,"+375667788000","+375297230287","2020-04-19 19:22:15",134),  

(7,"+375667788000","+375297350298","2020-04-19 19:25:19",138),  

(7,"+375667788000","+375297470309","2020-04-19 19:28:23",142),  

(7,"+375667788000","+375297590320","2020-04-19 19:31:27",146),  

(7,"+375667788000","+375297710331","2020-04-19 19:34:31",150),  

(7,"+375667788000","+375297830342","2020-04-19 19:37:35",154),  

(7,"+375667788000","+375297950353","2020-04-19 19:40:39",5),  

(7,"+375667788000","+375298070364","2020-04-19 19:43:43",9),  

(7,"+375667788000","+375298190375","2020-04-19 19:46:47",13),  

(7,"+375667788000","+375298310386","2020-04-19 19:49:51",17),  

(7,"+375667788000","+375298430397","2020-04-19 19:52:55",21),  

(7,"+375667788000","+375298550408","2020-04-19 19:56:11",25),  

(7,"+375667788000","+375298670419","2020-04-19 19:59:15",29),  

(7,"+375667788000","+375298790430","2020-04-19 20:12:19",33),  

(7,"+375667788000","+375298910441","2020-04-19 20:15:23",37),  

(7,"+375667788000","+375299030452","2020-04-19 20:18:27",41),  

(7,"+375667788000","+375299150463","2020-04-19 20:21:31",45),  

(7,"+375667788000","+375299270474","2020-04-19 20:24:35",49),  

(7,"+375667788000","+375299390485","2020-04-19 20:27:39",53),  

(7,"+375667788000","+375299510496","2020-04-19 20:30:43",57),  

(7,"+375667788000","+375299630507","2020-04-19 20:33:47",61),  

(7,"+375667788000","+375299750518","2020-04-19 20:36:51",65),  

(7,"+375667788000","+375299870529","2020-04-19 20:39:55",69),  

(7,"+375667788000","+375299990540","2020-04-19 20:43:11",73), 
(1,"+375666385869","+375294110001","2020-04-20 10:20:15",10),  

(1,"+375666385869","+375294165112","2020-04-20 10:23:19",14),  

(1,"+375666385869","+375294220223","2020-04-20 10:26:23",18),  

(1,"+375666385869","+375294275334","2020-04-20 10:29:27",22),  

(1,"+375666385869","+375294330445","2020-04-20 10:32:31",26),  

(1,"+375666385869","+375294385556","2020-04-20 10:35:35",30),  

(1,"+375666385869","+375294440667","2020-04-20 10:38:39",34),  

(1,"+375666385869","+375294495778","2020-04-20 10:41:43",38),  

(1,"+375666385869","+375294550889","2020-04-20 10:44:47",42),  

(1,"+375666385869","+375294606000","2020-04-20 10:47:51",46),  

(1,"+375666385869","+375294661111","2020-04-20 10:50:55",50),  

(1,"+375666385869","+375294716222","2020-04-20 10:54:11",54),  

(1,"+375666385869","+375294771333","2020-04-20 10:57:15",58),  

(1,"+375666385869","+375294826444","2020-04-20 11:12:19",62),  

(1,"+375666385869","+375294881555","2020-04-20 11:15:23",66),  

(1,"+375666385869","+375294936666","2020-04-20 11:18:27",70),  

(1,"+375666385869","+375294991777","2020-04-20 11:21:31",74),  

(1,"+375666385869","+375295046888","2020-04-20 11:24:35",78),  

(1,"+375666385869","+375295101999","2020-04-20 11:27:39",82),  

(1,"+375666385869","+375295157110","2020-04-20 11:30:43",86),  

(1,"+375666385869","+375295212221","2020-04-20 11:33:47",90),  

(1,"+375666385869","+375295267332","2020-04-20 11:36:51",94),  

(1,"+375666385869","+375295322443","2020-04-20 11:39:55",98),  

(1,"+375666385869","+375295377554","2020-04-20 11:43:11",102),  

(1,"+375666385869","+375295432665","2020-04-20 11:46:15",106),  

(1,"+375666385869","+375295487776","2020-04-20 11:49:19",110),  

(1,"+375666385869","+375295542887","2020-04-20 11:52:23",114),  

(1,"+375666385869","+375295597998","2020-04-20 11:55:27",118),  

(1,"+375666385869","+375295653109","2020-04-20 11:58:31",122),  

(1,"+375666385869","+375295708220","2020-04-20 12:12:35",126),  

(1,"+375666385869","+375295763331","2020-04-20 12:15:39",130),  

(1,"+375666385869","+375295818442","2020-04-20 12:18:43",134),  

(1,"+375666385869","+375295873553","2020-04-20 12:21:47",138),  

(1,"+375666385869","+375295928664","2020-04-20 12:24:51",142),  

(1,"+375666385869","+375295983775","2020-04-20 12:27:55",146),  

(1,"+375666385869","+375296038886","2020-04-20 12:31:11",150),  

(1,"+375666385869","+375296093997","2020-04-20 12:34:15",154),  

(1,"+375666385869","+375296149108","2020-04-20 12:37:19",5),  

(1,"+375666385869","+375296204219","2020-04-20 12:40:23",9),  

(1,"+375666385869","+375296259330","2020-04-20 12:43:27",13),  

(1,"+375666385869","+375296314441","2020-04-20 12:46:31",17),  

(1,"+375666385869","+375296369552","2020-04-20 12:49:35",21),  

(1,"+375666385869","+375296424663","2020-04-20 12:52:39",25),  

(1,"+375666385869","+375296479774","2020-04-20 12:55:43",29),  

(1,"+375666385869","+375296534885","2020-04-20 12:58:47",33),  

(1,"+375666385869","+375296589996","2020-04-20 13:12:51",37),  

(1,"+375666385869","+375296645107","2020-04-20 13:15:55",41),  

(1,"+375666385869","+375296700218","2020-04-20 13:19:11",45),  

(1,"+375666385869","+375296755329","2020-04-20 13:22:15",49),  

(1,"+375666385869","+375296810440","2020-04-20 13:25:19",53),  

(1,"+375666385869","+375296865551","2020-04-20 13:28:23",57),  

(1,"+375666385869","+375296920662","2020-04-20 13:31:27",61),  

(1,"+375666385869","+375296975773","2020-04-20 13:34:31",65),  

(1,"+375666385869","+375297030884","2020-04-20 13:37:35",69),  

(1,"+375666385869","+375297085995","2020-04-20 13:40:39",73),  

(1,"+375666385869","+375297141106","2020-04-20 13:43:43",77),  

(1,"+375666385869","+375297196217","2020-04-20 13:46:47",81),  

(1,"+375666385869","+375297251328","2020-04-20 13:49:51",85),  

(1,"+375666385869","+375297306439","2020-04-20 13:52:55",89),  

(1,"+375666385869","+375297361550","2020-04-20 13:56:11",93), 
(1,"+375666385869","+375294110001","2020-04-20 14:20:15",10),  

(1,"+375666385869","+375294160021","2020-04-20 14:23:19",14),  

(1,"+375666385869","+375294210041","2020-04-20 14:26:23",18),  

(1,"+375666385869","+375294260061","2020-04-20 14:29:27",22),  

(1,"+375666385869","+375294310081","2020-04-20 14:32:31",26),  

(1,"+375666385869","+375294360101","2020-04-20 14:35:35",30),  

(1,"+375666385869","+375294410121","2020-04-20 14:38:39",34),  

(1,"+375666385869","+375294460141","2020-04-20 14:41:43",38),  

(1,"+375666385869","+375294510161","2020-04-20 14:44:47",42),  

(1,"+375666385869","+375294560181","2020-04-20 14:47:51",46),  

(1,"+375666385869","+375294610201","2020-04-20 14:50:55",50),  

(1,"+375666385869","+375294660221","2020-04-20 14:54:11",54),  

(1,"+375666385869","+375294710241","2020-04-20 14:57:15",58),  

(1,"+375666385869","+375294760261","2020-04-20 15:12:19",62),  

(1,"+375666385869","+375294810281","2020-04-20 15:15:23",66),  

(1,"+375666385869","+375294860301","2020-04-20 15:18:27",70),  

(1,"+375666385869","+375294910321","2020-04-20 15:21:31",74),  

(1,"+375666385869","+375294960341","2020-04-20 15:24:35",78),  

(1,"+375666385869","+375295010361","2020-04-20 15:27:39",82),  

(1,"+375666385869","+375295060381","2020-04-20 15:30:43",86),  

(1,"+375666385869","+375295110401","2020-04-20 15:33:47",90),  

(1,"+375666385869","+375295160421","2020-04-20 15:36:51",94),  

(1,"+375666385869","+375295210441","2020-04-20 15:39:55",98),  

(1,"+375666385869","+375295260461","2020-04-20 15:43:11",102),  

(1,"+375666385869","+375295310481","2020-04-20 15:46:15",106),  

(1,"+375666385869","+375295360501","2020-04-20 15:49:19",110),  

(1,"+375666385869","+375295410521","2020-04-20 15:52:23",114),  

(1,"+375666385869","+375295460541","2020-04-20 15:55:27",118),  

(1,"+375666385869","+375295510561","2020-04-20 15:58:31",122),  

(1,"+375666385869","+375295560581","2020-04-20 16:12:35",126),  

(1,"+375666385869","+375295610601","2020-04-20 16:15:39",130),  

(1,"+375666385869","+375295660621","2020-04-20 16:18:43",134),  

(1,"+375666385869","+375295710641","2020-04-20 16:21:47",138),  

(1,"+375666385869","+375295760661","2020-04-20 16:24:51",142),  

(1,"+375666385869","+375295810681","2020-04-20 16:27:55",146),  

(1,"+375666385869","+375295860701","2020-04-20 16:31:11",150),  

(1,"+375666385869","+375295910721","2020-04-20 16:34:15",154),  

(1,"+375666385869","+375295960741","2020-04-20 16:37:19",5),  

(1,"+375666385869","+375296010761","2020-04-20 16:40:23",9),  

(1,"+375666385869","+375296060781","2020-04-20 16:43:27",13),  

(1,"+375666385869","+375296110801","2020-04-20 16:46:31",17),  

(1,"+375666385869","+375296160821","2020-04-20 16:49:35",21),  

(1,"+375666385869","+375296210841","2020-04-20 16:52:39",25),  

(1,"+375666385869","+375296260861","2020-04-20 16:55:43",29),  

(1,"+375666385869","+375296310881","2020-04-20 16:58:47",33),  

(1,"+375666385869","+375296360901","2020-04-20 17:12:51",37),  

(1,"+375666385869","+375296410921","2020-04-20 17:15:55",41),  

(1,"+375666385869","+375296460941","2020-04-20 17:19:11",45),  

(1,"+375666385869","+375296510961","2020-04-20 17:22:15",49),  

(1,"+375666385869","+375296560981","2020-04-20 17:25:19",53), 
(9,"+375294110001","+375664550011","2020-04-20 18:10:15",10),  

(9,"+375294170021","+375664550011","2020-04-20 18:13:19",14),  

(9,"+375294230041","+375664550011","2020-04-20 18:16:23",18),  

(9,"+375294290061","+375664550011","2020-04-20 18:19:27",22),  

(9,"+375294350081","+375664550011","2020-04-20 18:22:31",26),  

(9,"+375294410101","+375664550011","2020-04-20 18:25:35",30),  

(9,"+375294470121","+375664550011","2020-04-20 18:28:39",34),  

(9,"+375294530141","+375664550011","2020-04-20 18:31:43",38),  

(9,"+375294590161","+375664550011","2020-04-20 18:34:47",42),  

(9,"+375294650181","+375664550011","2020-04-20 18:37:51",46),  

(9,"+375294710201","+375664550011","2020-04-20 18:40:55",50),  

(9,"+375294770221","+375664550011","2020-04-20 18:44:11",54),  

(9,"+375294830241","+375664550011","2020-04-20 18:47:15",58),  

(9,"+375294890261","+375664550011","2020-04-20 18:50:19",62),  

(9,"+375294950281","+375664550011","2020-04-20 18:53:23",66),  

(9,"+375295010301","+375664550011","2020-04-20 18:56:27",70),  

(9,"+375295070321","+375664550011","2020-04-20 18:59:31",74),  

(9,"+375295130341","+375664550011","2020-04-20 19:12:35",78),  

(9,"+375295190361","+375664550011","2020-04-20 19:15:39",82),  

(9,"+375295250381","+375664550011","2020-04-20 19:18:43",86),  

(9,"+375295310401","+375664550011","2020-04-20 19:21:47",90),  

(9,"+375295370421","+375664550011","2020-04-20 19:24:51",94),  

(9,"+375295430441","+375664550011","2020-04-20 19:27:55",98),  

(9,"+375295490461","+375664550011","2020-04-20 19:31:11",102),  

(9,"+375295550481","+375664550011","2020-04-20 19:34:15",106),  

(9,"+375295610501","+375664550011","2020-04-20 19:37:19",110),  

(9,"+375295670521","+375664550011","2020-04-20 19:40:23",114),  

(9,"+375295730541","+375664550011","2020-04-20 19:43:27",118),  

(9,"+375295790561","+375664550011","2020-04-20 19:46:31",122),  

(9,"+375295850581","+375664550011","2020-04-20 19:49:35",126),  

(9,"+375295910601","+375664550011","2020-04-20 19:52:39",130),  

(9,"+375295970621","+375664550011","2020-04-20 19:55:43",134),  

(9,"+375296030641","+375664550011","2020-04-20 19:58:47",138),  

(9,"+375296090661","+375664550011","2020-04-20 20:12:51",142),  

(9,"+375296150681","+375664550011","2020-04-20 20:15:55",146),  

(9,"+375296210701","+375664550011","2020-04-20 20:19:11",150),  

(9,"+375296270721","+375664550011","2020-04-20 20:22:15",154),  

(9,"+375296330741","+375664550011","2020-04-20 20:25:19",5),  

(9,"+375296390761","+375664550011","2020-04-20 20:28:23",9),  

(9,"+375296450781","+375664550011","2020-04-20 20:31:27",13),  

(9,"+375296510801","+375664550011","2020-04-20 20:34:31",17),  

(9,"+375296570821","+375664550011","2020-04-20 20:37:35",21),  

(9,"+375296630841","+375664550011","2020-04-20 20:40:39",25),  

(9,"+375296690861","+375664550011","2020-04-20 20:43:43",29),  

(9,"+375296750881","+375664550011","2020-04-20 20:46:47",33),  

(9,"+375296810901","+375664550011","2020-04-20 20:49:51",37),  

(9,"+375296870921","+375664550011","2020-04-20 20:52:55",41),  

(9,"+375296930941","+375664550011","2020-04-20 20:56:11",45),  

(9,"+375296990961","+375664550011","2020-04-20 20:59:15",49),  

(9,"+375297050981","+375664550011","2020-04-20 21:12:19",53), 
(2,"+375666602518","+375256690761","2020-04-21 10:10:15",10),  

(2,"+375666602518","+375256750781","2020-04-21 10:13:19",14),  

(2,"+375666602518","+375256810801","2020-04-21 10:16:23",18),  

(2,"+375666602518","+375256870821","2020-04-21 10:19:27",22),  

(2,"+375666602518","+375256930841","2020-04-21 10:22:31",26),  

(2,"+375666602518","+375256990861","2020-04-21 10:25:35",30),  

(2,"+375666602518","+375257050881","2020-04-21 10:28:39",34),  

(2,"+375666602518","+375257110901","2020-04-21 10:31:43",38),  

(2,"+375666602518","+375257170921","2020-04-21 10:34:47",42),  

(2,"+375666602518","+375257230941","2020-04-21 10:37:51",46),  

(2,"+375666602518","+375257290961","2020-04-21 10:40:55",50),  

(2,"+375666602518","+375257350981","2020-04-21 10:44:11",54),  

(2,"+375666602518","+375257411001","2020-04-21 10:47:15",58),  

(2,"+375666602518","+375257471021","2020-04-21 10:50:19",62),  

(2,"+375666602518","+375257531041","2020-04-21 10:53:23",66),  

(2,"+375666602518","+375257591061","2020-04-21 10:56:27",70),  

(2,"+375666602518","+375257651081","2020-04-21 10:59:31",74),  

(2,"+375666602518","+375257711101","2020-04-21 11:12:35",78),  

(2,"+375666602518","+375257771121","2020-04-21 11:15:39",82),  

(2,"+375666602518","+375257831141","2020-04-21 11:18:43",86),  

(2,"+375666602518","+375257891161","2020-04-21 11:21:47",90),  

(2,"+375666602518","+375257951181","2020-04-21 11:24:51",94),  

(2,"+375666602518","+375258011201","2020-04-21 11:27:55",98),  

(2,"+375666602518","+375258071221","2020-04-21 11:31:11",102),  

(2,"+375666602518","+375258131241","2020-04-21 11:34:15",106),  

(2,"+375666602518","+375258191261","2020-04-21 11:37:19",110),  

(2,"+375666602518","+375258251281","2020-04-21 11:40:23",114),  

(2,"+375666602518","+375258311301","2020-04-21 11:43:27",118),  

(2,"+375666602518","+375258371321","2020-04-21 11:46:31",122),  

(2,"+375666602518","+375258431341","2020-04-21 11:49:35",126),  

(2,"+375666602518","+375258491361","2020-04-21 11:52:39",130),  

(2,"+375666602518","+375258551381","2020-04-21 11:55:43",134),  

(2,"+375666602518","+375258611401","2020-04-21 11:58:47",138),  

(2,"+375666602518","+375258671421","2020-04-21 12:12:51",142),  

(2,"+375666602518","+375258731441","2020-04-21 12:15:55",146),  

(2,"+375666602518","+375258791461","2020-04-21 12:19:11",150),  

(2,"+375666602518","+375258851481","2020-04-21 12:22:15",154),  

(2,"+375666602518","+375258911501","2020-04-21 12:25:19",5),  

(2,"+375666602518","+375258971521","2020-04-21 12:28:23",9),  

(2,"+375666602518","+375259031541","2020-04-21 12:31:27",13),  

(2,"+375666602518","+375259091561","2020-04-21 12:34:31",17),  

(2,"+375666602518","+375259151581","2020-04-21 12:37:35",21),  

(2,"+375666602518","+375259211601","2020-04-21 12:40:39",25),  

(2,"+375666602518","+375259271621","2020-04-21 12:43:43",29),  

(2,"+375666602518","+375259331641","2020-04-21 12:46:47",33),  

(2,"+375666602518","+375259391661","2020-04-21 12:49:51",37),  

(2,"+375666602518","+375259451681","2020-04-21 12:52:55",41),  

(2,"+375666602518","+375259511701","2020-04-21 12:56:11",45),  

(2,"+375666602518","+375259571721","2020-04-21 12:59:15",49),  

(2,"+375666602518","+375259631741","2020-04-21 13:12:19",53), 
(8,"+375667345666","+375331200001","2020-04-21 15:12:15",10),  

(8,"+375667345666","+375331260021","2020-04-21 15:17:19",14),  

(8,"+375667345666","+375331320041","2020-04-21 15:22:23",18),  

(8,"+375667345666","+375331380061","2020-04-21 15:27:27",22),  

(8,"+375667345666","+375331440081","2020-04-21 15:32:31",26),  

(8,"+375667345666","+375331500101","2020-04-21 15:37:35",30),  

(8,"+375667345666","+375331560121","2020-04-21 15:42:39",34),  

(8,"+375667345666","+375331620141","2020-04-21 15:47:43",38),  

(8,"+375667345666","+375331680161","2020-04-21 15:52:47",42),  

(8,"+375667345666","+375331740181","2020-04-21 15:57:51",46),  

(8,"+375667345666","+375331800201","2020-04-21 16:12:55",50),  

(8,"+375667345666","+375331860221","2020-04-21 16:18:11",54),  

(8,"+375667345666","+375331920241","2020-04-21 16:23:15",58),  

(8,"+375667345666","+375331980261","2020-04-21 16:28:19",62),  

(8,"+375667345666","+375332040281","2020-04-21 16:33:23",66),  

(8,"+375667345666","+375332100301","2020-04-21 16:38:27",70),  

(8,"+375667345666","+375332160321","2020-04-21 16:43:31",74),  

(8,"+375667345666","+375332220341","2020-04-21 16:48:35",78),  

(8,"+375667345666","+375332280361","2020-04-21 16:53:39",82),  

(8,"+375667345666","+375332340381","2020-04-21 17:12:43",86),  

(8,"+375667345666","+375332400401","2020-04-21 17:17:47",90),  

(8,"+375667345666","+375332460421","2020-04-21 17:22:51",94),  

(8,"+375667345666","+375332520441","2020-04-21 17:27:55",98),  

(8,"+375667345666","+375332580461","2020-04-21 17:33:11",102),  

(8,"+375667345666","+375332640481","2020-04-21 17:38:15",106),  

(8,"+375667345666","+375332700501","2020-04-21 17:43:19",110),  

(8,"+375667345666","+375332760521","2020-04-21 17:48:23",114),  

(8,"+375667345666","+375332820541","2020-04-21 17:53:27",118),  

(8,"+375667345666","+375332880561","2020-04-21 18:12:31",122),  

(8,"+375667345666","+375332940581","2020-04-21 18:17:35",126),  

(8,"+375667345666","+375333000601","2020-04-21 18:22:39",130),  

(8,"+375667345666","+375333060621","2020-04-21 18:27:43",134),  

(8,"+375667345666","+375333120641","2020-04-21 18:32:47",138),  

(8,"+375667345666","+375333180661","2020-04-21 18:37:51",142),  

(8,"+375667345666","+375333240681","2020-04-21 18:42:55",146),  

(8,"+375667345666","+375333300701","2020-04-21 18:48:11",150),  

(8,"+375667345666","+375333360721","2020-04-21 18:53:15",154),  

(8,"+375667345666","+375333420741","2020-04-21 19:12:19",5),  

(8,"+375667345666","+375333480761","2020-04-21 19:17:23",9),  

(8,"+375667345666","+375333540781","2020-04-21 19:22:27",13),  

(8,"+375667345666","+375333600801","2020-04-21 19:27:31",17),  

(8,"+375667345666","+375333660821","2020-04-21 19:32:35",21),  

(8,"+375667345666","+375333720841","2020-04-21 19:37:39",25),  

(8,"+375667345666","+375333780861","2020-04-21 19:42:43",29),  

(8,"+375667345666","+375333840881","2020-04-21 19:47:47",33),  

(8,"+375667345666","+375333900901","2020-04-21 19:52:51",37),  

(8,"+375667345666","+375333960921","2020-04-21 19:57:55",41),  

(8,"+375667345666","+375334020941","2020-04-21 20:12:11",45),  

(8,"+375667345666","+375334080961","2020-04-21 20:17:15",49),  

(8,"+375667345666","+375334140981","2020-04-21 20:22:19",53), 
(6,"+375336700001","+375663150001","2020-04-22 10:12:15",10),  

(6,"103","+375663150001","2020-04-22 10:17:19",14),  

(6,"+375336760041","+375663150001","2020-04-22 10:22:23",18),  

(6,"+375336790061","+375663150001","2020-04-22 10:27:27",22),  

(6,"+375336820081","+375663150001","2020-04-22 10:32:31",26),  

(6,"+375336850101","+375663150001","2020-04-22 10:37:35",30),  

(6,"+375336880121","+375663150001","2020-04-22 10:42:39",34),  

(6,"+375336910141","+375663150001","2020-04-22 10:47:43",38),  

(6,"+375336940161","+375663150001","2020-04-22 10:52:47",42),  

(6,"+375336970181","+375663150001","2020-04-22 10:57:51",46),  

(6,"+375337000201","+375663150001","2020-04-22 11:12:55",50),  

(6,"+375337030221","+375663150001","2020-04-22 11:18:11",54),  

(6,"+375337060241","+375663150001","2020-04-22 11:23:15",58),  

(6,"+375337090261","+375663150001","2020-04-22 11:28:19",62),  

(6,"+375337120281","+375663150001","2020-04-22 11:33:23",66),  

(6,"+375337150301","+375663150001","2020-04-22 11:38:27",70),  

(6,"+375337180321","+375663150001","2020-04-22 11:43:31",74),  

(6,"+375337210341","+375663150001","2020-04-22 11:48:35",78),  

(6,"+375337240361","+375663150001","2020-04-22 11:53:39",82),  

(6,"+375337270381","+375663150001","2020-04-22 12:12:43",86),  

(6,"+375337300401","+375663150001","2020-04-22 12:17:47",90),  

(6,"+375337330421","+375663150001","2020-04-22 12:22:51",94),  

(6,"+375337360441","+375663150001","2020-04-22 12:27:55",98),  

(6,"+375337390461","+375663150001","2020-04-22 12:33:11",102),  

(6,"+375337420481","+375663150001","2020-04-22 12:38:15",106),  

(6,"+375337450501","+375663150001","2020-04-22 12:43:19",110),  

(6,"+375337480521","+375663150001","2020-04-22 12:48:23",114),  

(6,"+375337510541","+375663150001","2020-04-22 12:53:27",118),  

(6,"+375337540561","+375663150001","2020-04-22 13:12:31",122),  

(6,"+375337570581","+375663150001","2020-04-22 13:17:35",126),  

(6,"+375337600601","+375663150001","2020-04-22 13:22:39",130),  

(6,"+375337630621","+375663150001","2020-04-22 13:27:43",134),  

(6,"+375337660641","+375663150001","2020-04-22 13:32:47",138),  

(6,"+375337690661","+375663150001","2020-04-22 13:37:51",142),  

(6,"+375337720681","+375663150001","2020-04-22 13:42:55",146),  

(6,"+375337750701","+375663150001","2020-04-22 13:48:11",150),  

(6,"+375337780721","+375663150001","2020-04-22 13:53:15",154),  

(6,"+375337810741","+375663150001","2020-04-22 14:12:19",5),  

(6,"+375337840761","+375663150001","2020-04-22 14:17:23",9),  

(6,"+375337870781","+375663150001","2020-04-22 14:22:27",13),  

(6,"+375337900801","+375663150001","2020-04-22 14:27:31",17),  

(6,"+375337930821","+375663150001","2020-04-22 14:32:35",21),  

(6,"+375337960841","+375663150001","2020-04-22 14:37:39",25),  

(6,"+375337990861","+375663150001","2020-04-22 14:42:43",29),  

(6,"+375338020881","+375663150001","2020-04-22 14:47:47",33),  

(6,"+375338050901","+375663150001","2020-04-22 14:52:51",37),  

(6,"+375338080921","+375663150001","2020-04-22 14:57:55",41),  

(6,"+375338110941","+375663150001","2020-04-22 15:12:11",45),  

(6,"+375338140961","+375663150001","2020-04-22 15:17:15",49),  

(6,"+375338170981","+375663150001","2020-04-22 15:22:19",53), 
(8,"+375332200202","+375667345666","2020-04-22 16:30:15",10),  

(8,"+375332240222","+375667345666","2020-04-22 16:35:19",14),  

(8,"+375332280242","+375667345666","2020-04-22 16:40:23",18),  

(8,"+375332320262","+375667345666","2020-04-22 16:45:27",22),  

(8,"+375332360282","+375667345666","2020-04-22 16:50:31",26),  

(8,"+375332400302","+375667345666","2020-04-22 16:55:35",30),  

(8,"+375332440322","+375667345666","2020-04-22 17:12:39",34),  

(8,"+375332480342","+375667345666","2020-04-22 17:17:43",38),  

(8,"+375332520362","+375667345666","2020-04-22 17:22:47",42),  

(8,"+375332560382","+375667345666","2020-04-22 17:27:51",46),  

(8,"+375332600402","+375667345666","2020-04-22 17:32:55",50),  

(8,"+375332640422","+375667345666","2020-04-22 17:38:11",54),  

(8,"+375332680442","+375667345666","2020-04-22 17:43:15",58),  

(8,"+375332720462","+375667345666","2020-04-22 17:48:19",62),  

(8,"+375332760482","+375667345666","2020-04-22 17:53:23",66),  

(8,"+375332800502","+375667345666","2020-04-22 18:12:27",70),  

(8,"+375332840522","+375667345666","2020-04-22 18:17:31",74),  

(8,"+375332880542","+375667345666","2020-04-22 18:22:35",78),  

(8,"+375332920562","+375667345666","2020-04-22 18:27:39",82),  

(8,"+375332960582","+375667345666","2020-04-22 18:32:43",86),  

(8,"+375333000602","+375667345666","2020-04-22 18:37:47",90),  

(8,"+375333040622","+375667345666","2020-04-22 18:42:51",94),  

(8,"+375333080642","+375667345666","2020-04-22 18:47:55",98),  

(8,"+375333120662","+375667345666","2020-04-22 18:53:11",102),  

(8,"+375333160682","+375667345666","2020-04-22 19:12:15",106),  

(8,"+375333200702","+375667345666","2020-04-22 19:17:19",110),  

(8,"+375333240722","+375667345666","2020-04-22 19:22:23",114),  

(8,"+375333280742","+375667345666","2020-04-22 19:27:27",118),  

(8,"+375333320762","+375667345666","2020-04-22 19:32:31",122),  

(8,"+375333360782","+375667345666","2020-04-22 19:37:35",126),  

(8,"+375333400802","+375667345666","2020-04-22 19:42:39",130),  

(8,"+375333440822","+375667345666","2020-04-22 19:47:43",134),  

(8,"+375333480842","+375667345666","2020-04-22 19:52:47",138),  

(8,"+375333520862","+375667345666","2020-04-22 19:57:51",142),  

(8,"+375333560882","+375667345666","2020-04-22 20:12:55",146),  

(8,"+375333600902","+375667345666","2020-04-22 20:18:11",150),  

(8,"+375333640922","+375667345666","2020-04-22 20:23:15",154),  

(8,"+375333680942","+375667345666","2020-04-22 20:28:19",5),  

(8,"+375333720962","+375667345666","2020-04-22 20:33:23",9),  

(8,"+375333760982","+375667345666","2020-04-22 20:38:27",13),  

(8,"+375333801002","+375667345666","2020-04-22 20:43:31",17);